Métrica,Valor
F1_CV_Mean,0.8608640989054666
F1_Test_Default,0.8619384884059377
F1_Test_Optimized,0.8331202476280196
F1_Classe0_Optimized,0.4377692133303106
ROC_AUC,0.6804757601684087
PR_AUC,0.8596298745314406
Threshold_Optimized,0.55
